{
  "bundleSize": {
    "packages/core-sdk": {
      "totalSize": 570012,
      "fileCount": 148,
      "jsSize": 210309,
      "dtsSize": 129847
    },
    "packages/react": {
      "totalSize": 81543,
      "fileCount": 32,
      "jsSize": 29849,
      "dtsSize": 17421
    },
    "packages/core-ui": {
      "totalSize": 249875,
      "fileCount": 78,
      "jsSize": 101390,
      "dtsSize": 27352
    },
    "packages/vue": {
      "totalSize": 25464,
      "fileCount": 16,
      "jsSize": 7335,
      "dtsSize": 8139
    },
    "packages/swap-sdk": {
      "totalSize": 41972,
      "fileCount": 16,
      "jsSize": 27113,
      "dtsSize": 14859
    }
  },
  "moduleLoad": {
    "packages/core-sdk": {
      "avg": 9.567211400000001,
      "min": 0.07483999999999469,
      "max": 47.315022,
      "median": 0.16797800000000507,
      "p95": 47.315022
    },
    "packages/react": {
      "avg": 3.1584441999999995,
      "min": 0.4566959999999938,
      "max": 12.688209999999998,
      "median": 0.6455940000000027,
      "p95": 12.688209999999998
    },
    "packages/core-ui": {
      "avg": 4.521911,
      "min": 0.06943900000000269,
      "max": 22.201459999999997,
      "median": 0.0803590000000014,
      "p95": 22.201459999999997
    },
    "packages/vue": {
      "avg": 0.3037350000000032,
      "min": 0.18406800000001056,
      "max": 0.6878329999999977,
      "median": 0.2144580000000076,
      "p95": 0.6878329999999977
    },
    "packages/swap-sdk": {
      "avg": 1.1303652,
      "min": 0.11419899999999927,
      "max": 5.0507319999999964,
      "median": 0.1770180000000039,
      "p95": 5.0507319999999964
    }
  },
  "connection": {
    "avg": 448.65032499999995,
    "min": 209.99285399999962,
    "max": 855.528245,
    "median": 383.639398,
    "p95": 855.528245
  },
  "signing": {
    "avg": 315.9605262000001,
    "min": 237.23961399999962,
    "max": 444.0570560000001,
    "median": 290.65803700000015,
    "p95": 444.0570560000001
  },
  "batch": {
    "1": {
      "avg": 248.70676960000029,
      "min": 172.51246300000048,
      "max": 335.6100839999999,
      "median": 225.5293760000004,
      "p95": 335.6100839999999
    },
    "3": {
      "avg": 235.97813959999985,
      "min": 105.26030399999945,
      "max": 286.35943700000007,
      "median": 259.7091620000001,
      "p95": 286.35943700000007
    },
    "5": {
      "avg": 293.11416040000006,
      "min": 184.06013600000006,
      "max": 381.4645580000006,
      "median": 331.20778399999926,
      "p95": 381.4645580000006
    },
    "10": {
      "avg": 287.7529278000009,
      "min": 172.66810100000112,
      "max": 480.35649900000135,
      "median": 247.92977100000098,
      "p95": 480.35649900000135
    }
  },
  "objectCreation": {
    "avg": 0.002988790000024892,
    "min": 0.0021800000013172394,
    "max": 0.05169000000023516,
    "median": 0.002239999999801512,
    "p95": 0.004769999999552965
  }
}